mention_of_emotion,mention_of_substance,mention_of_manic,mention_of_crime,mention_of_selfharm,mention_of_hospitalization,mention_of_societal,mention_of_therapy,mention_of_violence,mention_of_isolation
emotion,nicotine,depressive,frowned,destructive,counseling,defines,counseling,frowned,ineptitude
sad,poisoning,gad,robbery,suicide,clinic,korean,inpatient,aggression,lonely
angry,dependency,mania,gomez,jus,ward,liberal,samaritan,abusing,alonei
lonely,drugs,depersonalization,deported,overdosing,ambulance,protects,counselor,uttering,succumb
anger,marijuana,panic,vcr,relapsing,inpatient,politics,gp,jus,introversion
frustration,diazepam,persistent,seasoned,selfharm,cambridge,humanity,emailed,stamped,aloneim
happy,addiction,attack,kidnapping,implode,gp,lgbt,intensive,abuse,diving
overwhelmingly,drug,fatigue,troop,redflagthis,er,homosexuality,antidepressant,disarray,phobia
enjoyment,oxycodone,manic,jew,thoughtsi,assessment,satire,stimulant,factual,feeble
carefree,deformity,worsening,hitler,depressed,intensive,volunteered,guidance,implode,conveniently
heartbroken,gambling,nausea,harassment,loathing,evaluation,tech,ssri,kick,sustaining
pleasure,fentanyl,clinical,civic,passively,rehab,arbitrary,counsellor,verbally,stranded
heh,lexapro,fullblown,septic,suicidality,voluntarily,marketable,seeked,narcissist,worthlessness
sadi,overdose,asthma,falsely,induced,prestigious,culture,mindfulness,instance,secluded
lash,repetition,induced,holocaust,tw,involuntarily,travesty,rehab,underlying,unloved
insecurity,paracetamol,disordered,accountant,sh,residential,barney,abilify,harassment,meim
humiliation,ambien,debilitating,induced,redflagi,prescribe,outwardly,prescribe,trauma,intersection
mad,sertraline,panick,frankenstein,medicate,mathematics,diminish,psychiatrist,presumed,ideally
violated,cannabis,bordering,theft,offing,elective,pillar,doctor,falsely,aloneive
excitement,stemming,anxiety,forcibly,punish,curriculum,lgbtq,antiemetic,induced,isolation
illusion,multitude,schizoaffective,murder,aftermath,graded,conform,antianxiety,offing,selfhatred
annoyed,alcohol,manifested,strewn,badlyi,psych,society,medication,punish,crippling
dissapointed,associated,hypomania,edd,cutting,dbt,volunteer,psychotherapy,uphill,defeated
grieving,alcoholism,triggered,accused,ideation,behavioral,quo,resistant,firefighter,cart
uncertainty,masturbation,derealization,mob,involuntarily,discharged,stunted,psychologist,fight,alienated
afraid,cocaine,hallucinate,domestic,intrusive,facility,norm,therapy,ptsd,fatigue
sadder,fluoxetine,auditory,ansel,battled,ivy,impediment,dbt,badlyi,demotivated
frustrated,benzos,,saloon,relapse,attendance,australia,effexor,accused,hopelessness
unfulfilled,weed,,islam,die,hospital,defy,ketamine,fist,worldi
joy,adderall,,nazi,dieive,economics,shyness,celexa,domestic,biologically
happiness,klonopin,,rape,alcoholism,hospitalization,community,counselling,abuser,alone
regret,substance,,gannon,redflag,admission,highlighting,appointment,fighting,breathless
fulfilled,addict,,medic,harm,outpatient,abysmal,therapist,die,solitary
hopelessness,effexor,,wrongly,suicidal,majoring,subhuman,hospitalization,dieive,losti
emptiness,recreational,,criminal,injure,,discrimination,cbt,leverage,plagued
persevere,melatonin,,pregnancy,harming,,indifference,exercised,rape,blight
scared,addicted,,chairman,relapsed,,patriotism,wellness,manipulation,occupying
yelled,alprazolam,,crime,anorexia,,european,outpatient,motif,anhedonia
upset,bordering,,reversed,self,,compete,,injure,validated
satisfaction,drinking,,unbeknownst,slitting,,divided,,pregnancy,confined
roller,opiate,,ensues,committing,,societal,,occurs,unhappiness
distraction,ailment,,assault,sucide,,aa,,foul,snuck
joyful,heroin,,bordering,suicidali,,racism,,secretive,railroad
unhappiness,dependence,,intends,todayim,,inferior,,standoff,anythingi
confusion,,,genital,killing,,detriment,,violence,dmv
irritated,,,misadventure,wrist,,applies,,assault,lonelyi
fear,,,ruthlessly,commiting,,parasite,,killing,friendless
happyi,,,brutality,commit,,contribute,,implied,wander
happier,,,verbal,selfharming,,unforgiving,,abusive,loner
lonelyi,,,serial,harmed,,undergrad,,grievance,hopeless
bliss,,,protester,redflagim,,specie,,bordering,loneliness
fulfillment,,,corrupt,forearm,,joining,,fought,colorado
bottled,,,murderer,kill,,disciplined,,separating,
coaster,,,,,,ignorance,,pushing,
pissed,,,,,,welcoming,,brutality,
sadness,,,,,,,,argument,
devoid,,,,,,,,commit,
loneliness,,,,,,,,verbal,
repercussion,,,,,,,,phoned,
,,,,,,,,neglect,
,,,,,,,,kill,
,,,,,,,,battle,
